studentnumber, familyname, givenname, grant, emailaddress
1342088432, Zedslamares, Mjolarkark, false, mjolarkark.zedslamares@mail.utoronto.ca
1722477828, Krired, Zorkairmed, false, zorkairmed.krired@mail.utoronto.ca
1552264775, Krmaracer, Reicratron, false, reicratron.krmaracer@mail.utoronto.ca
1848603557, Cruredarc, Krcresmed, false, krcresmed.cruredarc@mail.utoronto.ca
1907443616, Marirder, Crymiricred, false, crymiricred.marirder@mail.utoronto.ca
1363292541, Jarmeeark, Reiairure, false, reiairure.jarmeeark@mail.utoronto.ca
1439403490, Mormiritron, Azurmaraczur, true, azurmaraczur.mormiritron@mail.utoronto.ca
1313340385, Krarkarc, Cairder, false, cairder.krarkarc@mail.utoronto.ca
1436145002, Creosalmarmur, Cromimed, false, cromimed.creosalmarmur@mail.utoronto.ca
1505415496, Jarzoird, Crumurmed, false, crumurmed.jarzoird@mail.utoronto.ca
1487538515, Drakmaraced, Breclozur, false, breclozur.drakmaraced@mail.utoronto.ca
1829031452, Azurcresmed, Drakmeed, false, drakmeed.azurcresmed@mail.utoronto.ca
1655214415, Mormaracure, Morslamarmur, false, morslamarmur.mormaracure@mail.utoronto.ca
1927629407, Cryarczur, Krslamarmur, true, krslamarmur.cryarczur@mail.utoronto.ca
1303087535, Zuraires, Mermaraccred, false, mermaraccred.zuraires@mail.utoronto.ca
1425908355, Brearcark, Drakarcer, false, drakarcer.brearcark@mail.utoronto.ca
1697510693, Madmeemur, Brezermur, false, brezermur.madmeemur@mail.utoronto.ca
1818451674, Jarmeecred, Zedmeearc, false, zedmeearc.jarmeecred@mail.utoronto.ca
1759183707, Mrokmiricred, Cryslamared, false, cryslamared.mrokmiricred@mail.utoronto.ca
1388403313, Creomeearc, Rayairmed, false, rayairmed.creomeearc@mail.utoronto.ca
1151127061, Mermiried, Cruzerarc, true, cruzerarc.mermiried@mail.utoronto.ca
1498348438, Merarcer, Creocramur, false, creocramur.merarcer@mail.utoronto.ca
1464557089, Lukcloder, Azurmiriure, false, azurmiriure.lukcloder@mail.utoronto.ca
1241813035, Jarmaracd, Merarcmur, false, merarcmur.jarmaracd@mail.utoronto.ca
1472589261, Creoarked, Rayclotron, false, rayclotron.creoarked@mail.utoronto.ca
1928802564, Zedcloure, Reimirimed, false, reimirimed.zedcloure@mail.utoronto.ca
1423684452, Jagcraark, Azurcloure, false, azurcloure.jagcraark@mail.utoronto.ca
1029045836, Raysalmarder, Crozercred, true, crozercred.raysalmarder@mail.utoronto.ca
1208619502, Mersalmarmed, Zedsord, false, zedsord.mersalmarmed@mail.utoronto.ca
1974228535, Zorkmaracarc, Zorkurakmur, false, zorkurakmur.zorkmaracarc@mail.utoronto.ca
1601204183, Cruairark, Rayzerzur, false, rayzerzur.cruairark@mail.utoronto.ca
1011435491, Creoirark, Mrokcloes, false, mrokcloes.creoirark@mail.utoronto.ca
1842070457, Zorkzoirer, Raymeetron, false, raymeetron.zorkzoirer@mail.utoronto.ca
1360949136, Mermurcred, Jarmurder, false, jarmurder.mermurcred@mail.utoronto.ca
1853321165, Mjolreded, Creocresarc, true, creocresarc.mjolreded@mail.utoronto.ca
1662853589, Mermicred, Zurcreszur, false, zurcreszur.mermicred@mail.utoronto.ca
1249915743, Mrokzerarc, Zorkslamarzur, false, zorkslamarzur.mrokzerarc@mail.utoronto.ca
1242673868, Jarsalmarark, Mjolsores, false, mjolsores.jarsalmarark@mail.utoronto.ca
1526744183, Crucresder, Zurmurure, false, zurmurure.crucresder@mail.utoronto.ca
1312732522, Jarzered, Jarsorarc, false, jarsorarc.jarzered@mail.utoronto.ca
1277370439, Brecresark, Madmurtron, false, madmurtron.brecresark@mail.utoronto.ca
1249645418, Brearkure, Crumies, true, crumies.brearkure@mail.utoronto.ca
1265331514, Marires, Krmurarc, false, krmurarc.marires@mail.utoronto.ca
1828167063, Mjolcramur, Bremid, false, bremid.mjolcramur@mail.utoronto.ca
1702902754, Drakzerark, Zurzerarc, false, zurzerarc.drakzerark@mail.utoronto.ca
1149375916, Mjolsalmarzur, Mersorure, false, mersorure.mjolsalmarzur@mail.utoronto.ca
1272287459, Croclod, Lukmeearc, false, lukmeearc.croclod@mail.utoronto.ca
1842444532, Azakcloark, Zedarcmur, false, zedarcmur.azakcloark@mail.utoronto.ca
1171360788, Zedarkcred, Croredtron, true, croredtron.zedarkcred@mail.utoronto.ca
1970567087, Zedmiure, Breaircred, false, breaircred.zedmiure@mail.utoronto.ca
1290571566, Breird, Azurarktron, false, azurarktron.breird@mail.utoronto.ca
1742463881, Lukzoired, Mjolsalmard, false, mjolsalmard.lukzoired@mail.utoronto.ca
1253835909, Drakmurcred, Mrokcraed, false, mrokcraed.drakmurcred@mail.utoronto.ca
1997823254, Krmaractron, Crymaracder, false, crymaracder.krmaractron@mail.utoronto.ca
1156031513, Krreder, Raymeees, false, raymeees.krreder@mail.utoronto.ca
1435247287, Caaird, Zorklories, true, zorklories.caaird@mail.utoronto.ca
1934563662, Mormaracark, Reicresure, false, reicresure.mormaracark@mail.utoronto.ca
1025635910, Lukcrader, Cruzerzur, false, cruzerzur.lukcrader@mail.utoronto.ca
1440351928, Morarczur, Cruarcer, false, cruarcer.morarczur@mail.utoronto.ca
1741460230, Madmimed, Creomirimed, false, creomirimed.madmimed@mail.utoronto.ca
1486450783, Croarktron, Morarces, false, morarces.croarktron@mail.utoronto.ca
1426552086, Drakcrestron, Mrokredd, false, mrokredd.drakcrestron@mail.utoronto.ca
1206669345, Rayredarc, Lukmeeed, true, lukmeeed.rayredarc@mail.utoronto.ca
1664978467, Mermeed, Brearkarc, false, brearkarc.mermeed@mail.utoronto.ca
1074145904, Jagaircred, Breairmed, false, breairmed.jagaircred@mail.utoronto.ca
1535501347, Mrokirmed, Lukarkark, false, lukarkark.mrokirmed@mail.utoronto.ca
1340774498, Azakaired, Marcloer, false, marcloer.azakaired@mail.utoronto.ca
1684338671, Racrazur, Cruzoirer, false, cruzoirer.racrazur@mail.utoronto.ca
1517580447, Zorkairder, Creourakark, false, creourakark.zorkairder@mail.utoronto.ca
1089907993, Cameetron, Mroklorizur, true, mroklorizur.cameetron@mail.utoronto.ca
1067567156, Croredzur, Drakarkure, false, drakarkure.croredzur@mail.utoronto.ca
1419885944, Azakslamarmed, Creoarcer, false, creoarcer.azakslamarmed@mail.utoronto.ca
1669971065, Azakmeecred, Bremeeder, false, bremeeder.azakmeecred@mail.utoronto.ca
1853335853, Zedarkarc, Azakredzur, false, azakredzur.zedarkarc@mail.utoronto.ca
1678472079, Zorkurakes, Jarmaracd, false, jarmaracd.zorkurakes@mail.utoronto.ca
1578543614, Azurarkes, Zurzoirder, false, zurzoirder.azurarkes@mail.utoronto.ca
1570803401, Merurakmur, Mrokreded, true, mrokreded.merurakmur@mail.utoronto.ca
1314180969, Rameemur, Mjoluraked, false, mjoluraked.rameemur@mail.utoronto.ca
1600116065, Zedcloder, Marzerzur, false, marzerzur.zedcloder@mail.utoronto.ca
1141813765, Rayzoirer, Cryaird, false, cryaird.rayzoirer@mail.utoronto.ca
1912393943, Zorkmurzur, Azakmurcred, false, azakmurcred.zorkmurzur@mail.utoronto.ca
1875719332, Mrokslamarder, Creomirid, false, creomirid.mrokslamarder@mail.utoronto.ca
1386243706, Zedcraed, Reiarkd, false, reiarkd.zedcraed@mail.utoronto.ca
1273747047, Mrokmaracd, Krarker, true, krarker.mrokmaracd@mail.utoronto.ca
1184995822, Creocrad, Creoredcred, false, creoredcred.creocrad@mail.utoronto.ca
1654748620, Madmirider, Lukcreser, false, lukcreser.madmirider@mail.utoronto.ca
1043826805, Jarsalmard, Zurmeeder, false, zurmeeder.jarsalmard@mail.utoronto.ca
1314203887, Drakcramed, Crysalmares, false, crysalmares.drakcramed@mail.utoronto.ca
1985812105, Azurmeeer, Reicloure, false, reicloure.azurmeeer@mail.utoronto.ca
1292800044, Drakarced, Mjolclomur, false, mjolclomur.drakarced@mail.utoronto.ca
1607596666, Draksalmarmed, Azakslamared, true, azakslamared.draksalmarmed@mail.utoronto.ca
1035288481, Reiirder, Rayloriark, false, rayloriark.reiirder@mail.utoronto.ca
1468130068, Krsorer, Cryurakure, false, cryurakure.krsorer@mail.utoronto.ca
1001943305, Zorkzerer, Madsord, false, madsord.zorkzerer@mail.utoronto.ca
1591411643, Drakarkcred, Zursorark, false, zursorark.drakarkcred@mail.utoronto.ca
1442053337, Zurredure, Zedmeeure, false, zedmeeure.zurredure@mail.utoronto.ca
1687661208, Mrokmaracd, Lukredzur, false, lukredzur.mrokmaracd@mail.utoronto.ca
1770845349, Madslamares, Azakclomed, true, azakclomed.madslamares@mail.utoronto.ca
1972128940, Krzermed, Jagzoirtron, false, jagzoirtron.krzermed@mail.utoronto.ca
1156139015, Crumeeder, Mjolarkcred, false, mjolarkcred.crumeeder@mail.utoronto.ca
1732707645, Reiarker, Mormeearc, false, mormeearc.reiarker@mail.utoronto.ca
1498077331, Zorkmaracder, Zursalmartron, false, zursalmartron.zorkmaracder@mail.utoronto.ca
1289438237, Zorkzoirzur, Lukmeeark, false, lukmeeark.zorkzoirzur@mail.utoronto.ca
1235615814, Racrescred, Creoarkzur, false, creoarkzur.racrescred@mail.utoronto.ca
1751120833, Crysalmarure, Merarced, true, merarced.crysalmarure@mail.utoronto.ca
1347320396, Zorkarcd, Zorkmeearc, false, zorkmeearc.zorkarcd@mail.utoronto.ca
1832580811, Zorkcramur, Camirimed, false, camirimed.zorkcramur@mail.utoronto.ca
1407635381, Azurcrestron, Jarredtron, false, jarredtron.azurcrestron@mail.utoronto.ca
1584783862, Azakirark, Lukmurark, false, lukmurark.azakirark@mail.utoronto.ca
1074666159, Madsalmarmur, Drakzercred, false, drakzercred.madsalmarmur@mail.utoronto.ca
1641835169, Creoarcure, Lukarcure, false, lukarcure.creoarcure@mail.utoronto.ca
1695527918, Lukclotron, Razoired, true, razoired.lukclotron@mail.utoronto.ca
1760698033, Jararkure, Madcracred, false, madcracred.jararkure@mail.utoronto.ca
1602551055, Brezoird, Madmies, false, madmies.brezoird@mail.utoronto.ca
1425240529, Azurmurd, Reimurure, false, reimurure.azurmurd@mail.utoronto.ca
1173005788, Racloder, Camaraccred, false, camaraccred.racloder@mail.utoronto.ca
1464831198, Krslamarark, Raarczur, false, raarczur.krslamarark@mail.utoronto.ca
1161466714, Morcloder, Jagmeemed, false, jagmeemed.morcloder@mail.utoronto.ca
1655530143, Krarcark, Zorkmeecred, true, zorkmeecred.krarcark@mail.utoronto.ca
1769822101, Caslamard, Jarcresark, false, jarcresark.caslamard@mail.utoronto.ca
1730198579, Mermirizur, Merredtron, false, merredtron.mermirizur@mail.utoronto.ca
1955452755, Raairmur, Morsalmarmur, false, morsalmarmur.raairmur@mail.utoronto.ca
1511843636, Marmaracarc, Crosortron, false, crosortron.marmaracarc@mail.utoronto.ca
1530296824, Marredtron, Bremaracmed, false, bremaracmed.marredtron@mail.utoronto.ca
1683464930, Morcresark, Creosormur, false, creosormur.morcresark@mail.utoronto.ca
1374096359, Madmeeer, Zurcracred, true, zurcracred.madmeeer@mail.utoronto.ca
1829175627, Mermizur, Jagreder, false, jagreder.mermizur@mail.utoronto.ca
1639224832, Rasalmararc, Jagurakcred, false, jagurakcred.rasalmararc@mail.utoronto.ca
1218590851, Drakmizur, Madairzur, false, madairzur.drakmizur@mail.utoronto.ca
1235387932, Drakurakmed, Azurcresmed, false, azurcresmed.drakurakmed@mail.utoronto.ca
1726553067, Cromeed, Azurarkark, false, azurarkark.cromeed@mail.utoronto.ca
1214439021, Azaksorure, Raarkder, false, raarkder.azaksorure@mail.utoronto.ca
1636844864, Mrokmid, Azakarced, true, azakarced.mrokmid@mail.utoronto.ca
1825503209, Krsored, Drakuraked, false, drakuraked.krsored@mail.utoronto.ca
1769434043, Breirark, Azakircred, false, azakircred.breirark@mail.utoronto.ca
1750385126, Mrokarces, Crusorure, false, crusorure.mrokarces@mail.utoronto.ca
1719347796, Morirure, Drakarcd, false, drakarcd.morirure@mail.utoronto.ca
1613902890, Marmaracarc, Azurcratron, false, azurcratron.marmaracarc@mail.utoronto.ca
1687505339, Mrokarkark, Azurredmur, false, azurredmur.mrokarkark@mail.utoronto.ca
1653831406, Crumaraccred, Drakmurure, true, drakmurure.crumaraccred@mail.utoronto.ca
1067114994, Cairtron, Cryurakder, false, cryurakder.cairtron@mail.utoronto.ca
1513582718, Morslamartron, Mjolredtron, false, mjolredtron.morslamartron@mail.utoronto.ca
1414970815, Lukairtron, Reiredarc, false, reiredarc.lukairtron@mail.utoronto.ca
1126145670, Racloark, Rayurakmur, false, rayurakmur.racloark@mail.utoronto.ca
1440159838, Creomurark, Mrokaird, false, mrokaird.creomurark@mail.utoronto.ca
1132965302, Drakcraed, Reicreser, false, reicreser.drakcraed@mail.utoronto.ca
1535938366, Zururakcred, Azurmeeark, true, azurmeeark.zururakcred@mail.utoronto.ca
1139208236, Croslamares, Morslamarzur, false, morslamarzur.croslamares@mail.utoronto.ca
1886683258, Merredarc, Marmaractron, false, marmaractron.merredarc@mail.utoronto.ca
1464532101, Cruslamarure, Draksalmared, false, draksalmared.cruslamarure@mail.utoronto.ca
1548765797, Crucloed, Mermiried, false, mermiried.crucloed@mail.utoronto.ca
1083007750, Crucloed, Zorkloricred, false, zorkloricred.crucloed@mail.utoronto.ca
1641599217, Jarreder, Cryzerark, false, cryzerark.jarreder@mail.utoronto.ca
1725857079, Raarkzur, Madarcmur, true, madarcmur.raarkzur@mail.utoronto.ca
1923884493, Jagurakcred, Morclotron, false, morclotron.jagurakcred@mail.utoronto.ca
1970644726, Cruzerder, Merloriarc, false, merloriarc.cruzerder@mail.utoronto.ca
1519409846, Rasormur, Jagloriark, false, jagloriark.rasormur@mail.utoronto.ca
1194332735, Jarcraure, Zedmeemur, false, zedmeemur.jarcraure@mail.utoronto.ca
1752484811, Marlories, Maduraktron, false, maduraktron.marlories@mail.utoronto.ca
1852259228, Krirarc, Marsormur, false, marsormur.krirarc@mail.utoronto.ca
1038255192, Zurloricred, Azurarcder, true, azurarcder.zurloricred@mail.utoronto.ca
1893089198, Lukclozur, Rayzerark, false, rayzerark.lukclozur@mail.utoronto.ca
1506321504, Crymurcred, Krirmed, false, krirmed.crymurcred@mail.utoronto.ca
1654841659, Lukarcark, Mjolclomur, false, mjolclomur.lukarcark@mail.utoronto.ca
1463309381, Creoirmed, Mrokairder, false, mrokairder.creoirmed@mail.utoronto.ca
1512613475, Madmaraced, Croredzur, false, croredzur.madmaraced@mail.utoronto.ca
1639631483, Madredder, Creouraker, false, creouraker.madredder@mail.utoronto.ca
1347659792, Creoarczur, Krslamarmur, true, krslamarmur.creoarczur@mail.utoronto.ca
1354717486, Krmurure, Reiclomur, false, reiclomur.krmurure@mail.utoronto.ca
1717207265, Zedslamarmed, Zedarcder, false, zedarcder.zedslamarmed@mail.utoronto.ca
1763750228, Cryairure, Crymeetron, false, crymeetron.cryairure@mail.utoronto.ca
1061289948, Azakzoired, Crusormur, false, crusormur.azakzoired@mail.utoronto.ca
1038739581, Zurlorider, Crycresder, false, crycresder.zurlorider@mail.utoronto.ca
1940594595, Mjolairure, Jarslamard, false, jarslamard.mjolairure@mail.utoronto.ca
1281392678, Morsored, Zurlories, true, zurlories.morsored@mail.utoronto.ca
1427309416, Azurmaraczur, Cruurakd, false, cruurakd.azurmaraczur@mail.utoronto.ca
1798019051, Marmaractron, Rairer, false, rairer.marmaractron@mail.utoronto.ca
1774760013, Jarlorimed, Croclocred, false, croclocred.jarlorimed@mail.utoronto.ca
1295628614, Cameeed, Crysorure, false, crysorure.cameeed@mail.utoronto.ca
1335072956, Merarkmed, Jagarkes, false, jagarkes.merarkmed@mail.utoronto.ca
1795242972, Mrokarkd, Reicresder, false, reicresder.mrokarkd@mail.utoronto.ca
1826580436, Marmimur, Zedredd, true, zedredd.marmimur@mail.utoronto.ca
1878930522, Brecrader, Mjolcloarc, false, mjolcloarc.brecrader@mail.utoronto.ca
1298271118, Drakzoirder, Zorkmies, false, zorkmies.drakzoirder@mail.utoronto.ca
1636294703, Zorklories, Rairer, false, rairer.zorklories@mail.utoronto.ca
1392722697, Kraired, Zurmiark, false, zurmiark.kraired@mail.utoronto.ca
1221773515, Bresorzur, Krmurarc, false, krmurarc.bresorzur@mail.utoronto.ca
1974987039, Mrokarczur, Zorkcreses, false, zorkcreses.mrokarczur@mail.utoronto.ca
1433192615, Lukmeeed, Mjolredarc, true, mjolredarc.lukmeeed@mail.utoronto.ca
1712260627, Breurakmed, Mrokzoirder, false, mrokzoirder.breurakmed@mail.utoronto.ca
1208778960, Zorkzoirmur, Creomiure, false, creomiure.zorkzoirmur@mail.utoronto.ca
1282795968, Marsorure, Crourakarc, false, crourakarc.marsorure@mail.utoronto.ca
1911399425, Crymizur, Drakmurcred, false, drakmurcred.crymizur@mail.utoronto.ca
1707558213, Creourakzur, Rayslamarmed, false, rayslamarmed.creourakzur@mail.utoronto.ca
1942779103, Mermiriarc, Azaksored, false, azaksored.mermiriarc@mail.utoronto.ca
1423432080, Rairmur, Mrokarces, true, mrokarces.rairmur@mail.utoronto.ca
1809885879, Jarsalmarark, Morcrazur, false, morcrazur.jarsalmarark@mail.utoronto.ca
1338212413, Cameezur, Kruraktron, false, kruraktron.cameezur@mail.utoronto.ca
1488427855, Marmaracarc, Crulorider, false, crulorider.marmaracarc@mail.utoronto.ca
1753890756, Azakcraer, Lukmeeder, false, lukmeeder.azakcraer@mail.utoronto.ca
1794587749, Cryairzur, Cruaires, false, cruaires.cryairzur@mail.utoronto.ca
1031266424, Brecracred, Rayzerer, false, rayzerer.brecracred@mail.utoronto.ca
1789172522, Cruarkmed, Marmiriarc, true, marmiriarc.cruarkmed@mail.utoronto.ca
1962460680, Kraired, Azurzerure, false, azurzerure.kraired@mail.utoronto.ca
1394642881, Azaksalmarzur, Morarked, false, morarked.azaksalmarzur@mail.utoronto.ca
1517571011, Zedairmur, Cruslamarer, false, cruslamarer.zedairmur@mail.utoronto.ca
1850421628, Krarcmed, Azakmimur, false, azakmimur.krarcmed@mail.utoronto.ca
1456975334, Zurmeeure, Azaksorer, false, azaksorer.zurmeeure@mail.utoronto.ca
1999841499, Jagredder, Mjolarkure, false, mjolarkure.jagredder@mail.utoronto.ca
1162000970, Brezoirer, Mjolmaraczur, true, mjolmaraczur.brezoirer@mail.utoronto.ca
1551774973, Croired, Madcresmur, false, madcresmur.croired@mail.utoronto.ca
1824391752, Zurredtron, Mermiritron, false, mermiritron.zurredtron@mail.utoronto.ca
1248457540, Krcresure, Jagarkark, false, jagarkark.krcresure@mail.utoronto.ca
1196063167, Madurakd, Jarmeecred, false, jarmeecred.madurakd@mail.utoronto.ca
1150430713, Camirider, Crumurder, false, crumurder.camirider@mail.utoronto.ca
1290110012, Zedmiark, Creoslamarure, false, creoslamarure.zedmiark@mail.utoronto.ca
1211680852, Mrokredder, Mrokmeed, true, mrokmeed.mrokredder@mail.utoronto.ca
1214099920, Creozerd, Azurmurder, false, azurmurder.creozerd@mail.utoronto.ca
1656596425, Raloritron, Zedmirimur, false, zedmirimur.raloritron@mail.utoronto.ca
1413987532, Ramier, Rairarc, false, rairarc.ramier@mail.utoronto.ca
1292611945, Mroksalmarzur, Lukmeemur, false, lukmeemur.mroksalmarzur@mail.utoronto.ca
1344565892, Krarkark, Bremurmur, false, bremurmur.krarkark@mail.utoronto.ca
1360730786, Azurarkzur, Raslamarmed, false, raslamarmed.azurarkzur@mail.utoronto.ca
1668428508, Morcratron, Crosored, true, crosored.morcratron@mail.utoronto.ca
1966306568, Mjolloritron, Madairark, false, madairark.mjolloritron@mail.utoronto.ca
1925636538, Azurmaracarc, Mjolcracred, false, mjolcracred.azurmaracarc@mail.utoronto.ca
1223313632, Krcrad, Azurredtron, false, azurredtron.krcrad@mail.utoronto.ca
1504206494, Raarkarc, Casalmartron, false, casalmartron.raarkarc@mail.utoronto.ca
1455145986, Ramurer, Creomeezur, false, creomeezur.ramurer@mail.utoronto.ca
1295335211, Mrokmiure, Krmirimur, false, krmirimur.mrokmiure@mail.utoronto.ca
1419510955, Krurakzur, Reisores, true, reisores.krurakzur@mail.utoronto.ca
1386955633, Reiarkmur, Madmaracmur, false, madmaracmur.reiarkmur@mail.utoronto.ca
1803592451, Azakarkark, Zorkslamares, false, zorkslamares.azakarkark@mail.utoronto.ca
1884012977, Reisorark, Brecresder, false, brecresder.reisorark@mail.utoronto.ca
1219560401, Cruarkder, Bremurtron, false, bremurtron.cruarkder@mail.utoronto.ca
1000742190, Mermaracd, Mercloes, false, mercloes.mermaracd@mail.utoronto.ca
1862957521, Crumaracure, Rameemed, false, rameemed.crumaracure@mail.utoronto.ca
1338380797, Cryslamarure, Madarkark, true, madarkark.cryslamarure@mail.utoronto.ca
1047894245, Zurairarc, Cruredder, false, cruredder.zurairarc@mail.utoronto.ca
1354697617, Raarkmed, Marurakmur, false, marurakmur.raarkmed@mail.utoronto.ca
1168005027, Zorkairder, Breloriark, false, breloriark.zorkairder@mail.utoronto.ca
1575848609, Zedmied, Raarkmur, false, raarkmur.zedmied@mail.utoronto.ca
1250727482, Zedslamarark, Mormiure, false, mormiure.zedslamarark@mail.utoronto.ca
1065809193, Zedmiries, Reislamarmed, false, reislamarmed.zedmiries@mail.utoronto.ca
1143498578, Morclomur, Mroklorid, true, mroklorid.morclomur@mail.utoronto.ca
1920952927, Merarcer, Croaird, false, croaird.merarcer@mail.utoronto.ca
1834823648, Racresark, Drakzerarc, false, drakzerarc.racresark@mail.utoronto.ca
1376647301, Morzerzur, Zorkarkarc, false, zorkarkarc.morzerzur@mail.utoronto.ca
1839890881, Bresormed, Azakslamarer, false, azakslamarer.bresormed@mail.utoronto.ca
1453147682, Reiurakd, Caredd, false, caredd.reiurakd@mail.utoronto.ca
1122502692, Raymiritron, Racresure, false, racresure.raymiritron@mail.utoronto.ca
1183508472, Drakmirier, Reizermed, true, reizermed.drakmirier@mail.utoronto.ca
1384560383, Madmirimed, Azurslamarure, false, azurslamarure.madmirimed@mail.utoronto.ca
1639964742, Krclod, Madirarc, false, madirarc.krclod@mail.utoronto.ca
1342112751, Zedzoires, Zurarctron, false, zurarctron.zedzoires@mail.utoronto.ca
1765129471, Cruzermur, Reimaracd, false, reimaracd.cruzermur@mail.utoronto.ca
1885980782, Marirer, Krsalmared, false, krsalmared.marirer@mail.utoronto.ca
1643894060, Luksalmarcred, Creocraer, false, creocraer.luksalmarcred@mail.utoronto.ca
1640831484, Jarcraer, Mjolredark, true, mjolredark.jarcraer@mail.utoronto.ca
1061324566, Krirder, Krsorder, false, krsorder.krirder@mail.utoronto.ca
1784834770, Cruslamarcred, Racloure, false, racloure.cruslamarcred@mail.utoronto.ca
1965408831, Mrokmeetron, Reicraer, false, reicraer.mrokmeetron@mail.utoronto.ca
1254595343, Maruraktron, Mrokirtron, false, mrokirtron.maruraktron@mail.utoronto.ca
1399271707, Reicrestron, Raymitron, false, raymitron.reicrestron@mail.utoronto.ca
1903656865, Madslamarmur, Jagsalmarcred, false, jagsalmarcred.madslamarmur@mail.utoronto.ca
1431614883, Mjolsormur, Morcresark, true, morcresark.mjolsormur@mail.utoronto.ca
1399590127, Zorkcraer, Azaksalmares, false, azaksalmares.zorkcraer@mail.utoronto.ca
1947470023, Marzoirtron, Zorkcraarc, false, zorkcraarc.marzoirtron@mail.utoronto.ca
1275846404, Zedsalmarark, Zedmiried, false, zedmiried.zedsalmarark@mail.utoronto.ca
1255190708, Krsalmarzur, Mjolmurcred, false, mjolmurcred.krsalmarzur@mail.utoronto.ca
1322987944, Reislamararc, Krloriark, false, krloriark.reislamararc@mail.utoronto.ca
1076000393, Morzerd, Mrokloriure, false, mrokloriure.morzerd@mail.utoronto.ca
1331514733, Zorksored, Caclomed, true, caclomed.zorksored@mail.utoronto.ca
1950748041, Zurairure, Mormaracmur, false, mormaracmur.zurairure@mail.utoronto.ca
1015965172, Jagslamarark, Raycresure, false, raycresure.jagslamarark@mail.utoronto.ca
1418347365, Merirark, Rameetron, false, rameetron.merirark@mail.utoronto.ca
1218967811, Jarzoirarc, Cryzerder, false, cryzerder.jarzoirarc@mail.utoronto.ca
1322770634, Draksormed, Cromaracmur, false, cromaracmur.draksormed@mail.utoronto.ca
1636486476, Creoredtron, Cruzoirzur, false, cruzoirzur.creoredtron@mail.utoronto.ca
1293851025, Marclomur, Breloritron, true, breloritron.marclomur@mail.utoronto.ca
1462363194, Azakmitron, Zedzerd, false, zedzerd.azakmitron@mail.utoronto.ca
1547456279, Mjolmurder, Azurzerarc, false, azurzerarc.mjolmurder@mail.utoronto.ca
1981181507, Cruarcmed, Morurakder, false, morurakder.cruarcmed@mail.utoronto.ca
1526707548, Marmured, Mormizur, false, mormizur.marmured@mail.utoronto.ca
1196000691, Camaracer, Madmured, false, madmured.camaracer@mail.utoronto.ca
1789994275, Reimider, Drakcraer, false, drakcraer.reimider@mail.utoronto.ca
1703621818, Marzoirure, Lukcratron, true, lukcratron.marzoirure@mail.utoronto.ca
1069904824, Zurcresd, Breurakmed, false, breurakmed.zurcresd@mail.utoronto.ca
1084476715, Cairzur, Creosores, false, creosores.cairzur@mail.utoronto.ca
1697954171, Morsorark, Jagslamarark, false, jagslamarark.morsorark@mail.utoronto.ca
1639576606, Raymaraced, Drakaircred, false, drakaircred.raymaraced@mail.utoronto.ca
1037064313, Crumiried, Zorkairmed, false, zorkairmed.crumiried@mail.utoronto.ca
1116723862, Zedsalmarmed, Jagslamarzur, false, jagslamarzur.zedsalmarmed@mail.utoronto.ca
1589382258, Raycraure, Crocraark, true, crocraark.raycraure@mail.utoronto.ca
1153809308, Cruurakzur, Madzoirtron, false, madzoirtron.cruurakzur@mail.utoronto.ca
1695100506, Azurmirimed, Azurmiritron, false, azurmiritron.azurmirimed@mail.utoronto.ca
1662908468, Reimeemed, Azaklorimed, false, azaklorimed.reimeemed@mail.utoronto.ca
1618007847, Bresorer, Creoloriarc, false, creoloriarc.bresorer@mail.utoronto.ca
1457129853, Jagzermur, Azurmeemed, false, azurmeemed.jagzermur@mail.utoronto.ca
1825054062, Madcreser, Marlorimed, false, marlorimed.madcreser@mail.utoronto.ca
1243622998, Brereded, Mararkmed, true, mararkmed.brereded@mail.utoronto.ca
1251321166, Cryarkark, Meraird, false, meraird.cryarkark@mail.utoronto.ca
1010323091, Reisores, Cruarctron, false, cruarctron.reisores@mail.utoronto.ca
1959747430, Zorkmaracure, Azaksored, false, azaksored.zorkmaracure@mail.utoronto.ca
1797283374, Azakloriark, Zorkircred, false, zorkircred.azakloriark@mail.utoronto.ca
1545618147, Reiurakure, Azakcresarc, false, azakcresarc.reiurakure@mail.utoronto.ca
1846878414, Croslamarmed, Mrokzoirarc, false, mrokzoirarc.croslamarmed@mail.utoronto.ca
1159762228, Merlorimur, Morcraark, true, morcraark.merlorimur@mail.utoronto.ca
1167758702, Crozoirarc, Azakmaracmed, false, azakmaracmed.crozoirarc@mail.utoronto.ca
1515549822, Madredmed, Brelorider, false, brelorider.madredmed@mail.utoronto.ca
1998278613, Jarsorzur, Crymeeark, false, crymeeark.jarsorzur@mail.utoronto.ca
1230353680, Krurakcred, Raysalmared, false, raysalmared.krurakcred@mail.utoronto.ca
1507602152, Lukredmur, Jararces, false, jararces.lukredmur@mail.utoronto.ca
1225594131, Mrokarkes, Draksord, false, draksord.mrokarkes@mail.utoronto.ca
1269312468, Mrokcresarc, Brelories, true, brelories.mrokcresarc@mail.utoronto.ca
1266135378, Crureded, Lukmeemed, false, lukmeemed.crureded@mail.utoronto.ca
1854442531, Zurmiarc, Mjolmeemed, false, mjolmeemed.zurmiarc@mail.utoronto.ca
1693579144, Lukairder, Merloricred, false, merloricred.lukairder@mail.utoronto.ca
1896889581, Zeduraktron, Jagmimur, false, jagmimur.zeduraktron@mail.utoronto.ca
1416179432, Drakmeecred, Rayzoirure, false, rayzoirure.drakmeecred@mail.utoronto.ca
1266326894, Reimiritron, Reiloriure, false, reiloriure.reimiritron@mail.utoronto.ca
1242937244, Madmeecred, Madclozur, true, madclozur.madmeecred@mail.utoronto.ca
1379050538, Marmicred, Lukmiark, false, lukmiark.marmicred@mail.utoronto.ca
1481013022, Jagairtron, Cryslamarder, false, cryslamarder.jagairtron@mail.utoronto.ca
1750159987, Zurzercred, Cromeed, false, cromeed.zurzercred@mail.utoronto.ca
1216376390, Lukmiure, Raymeed, false, raymeed.lukmiure@mail.utoronto.ca
1278689158, Merreder, Cryaired, false, cryaired.merreder@mail.utoronto.ca
1196652191, Reilorimed, Rairure, false, rairure.reilorimed@mail.utoronto.ca
1223351598, Cryirarc, Drakzertron, true, drakzertron.cryirarc@mail.utoronto.ca
1447904320, Mjolcloer, Azurloricred, false, azurloricred.mjolcloer@mail.utoronto.ca
1260299856, Mormeezur, Madzerder, false, madzerder.mormeezur@mail.utoronto.ca
1079439712, Azakredmur, Creozered, false, creozered.azakredmur@mail.utoronto.ca
1122313360, Lukloricred, Cruird, false, cruird.lukloricred@mail.utoronto.ca
1961986959, Morcrad, Raarced, false, raarced.morcrad@mail.utoronto.ca
1033078844, Zurmeetron, Reiarkder, false, reiarkder.zurmeetron@mail.utoronto.ca
1829297020, Bremaraczur, Zorkmeeark, true, zorkmeeark.bremaraczur@mail.utoronto.ca
1439216281, Zorkzerer, Mjolarces, false, mjolarces.zorkzerer@mail.utoronto.ca
1231530222, Ramimed, Calorid, false, calorid.ramimed@mail.utoronto.ca
1929283570, Morarkmur, Raslamard, false, raslamard.morarkmur@mail.utoronto.ca
1204310645, Mjoluraker, Zedzercred, false, zedzercred.mjoluraker@mail.utoronto.ca
1308521685, Madurakcred, Creomeeark, false, creomeeark.madurakcred@mail.utoronto.ca
1352979469, Creomiark, Cromirizur, false, cromirizur.creomiark@mail.utoronto.ca
1197773748, Krcresmed, Jagzoirarc, true, jagzoirarc.krcresmed@mail.utoronto.ca
1647257918, Crycrad, Jarzerarc, false, jarzerarc.crycrad@mail.utoronto.ca
1027162259, Jarsorer, Brearktron, false, brearktron.jarsorer@mail.utoronto.ca
1881990945, Mormeetron, Azakuraktron, false, azakuraktron.mormeetron@mail.utoronto.ca
1199724479, Madmizur, Azakslamarark, false, azakslamarark.madmizur@mail.utoronto.ca
1347970703, Mrokarcarc, Jarmurarc, false, jarmurarc.mrokarcarc@mail.utoronto.ca
1960737711, Lukmimur, Creouraktron, false, creouraktron.lukmimur@mail.utoronto.ca
1708233047, Azakcrader, Lukslamarark, true, lukslamarark.azakcrader@mail.utoronto.ca
1740441663, Crysalmard, Ramures, false, ramures.crysalmard@mail.utoronto.ca
1509976723, Jagsorcred, Crymeeed, false, crymeeed.jagsorcred@mail.utoronto.ca
1452370980, Drakslamarure, Morcraer, false, morcraer.drakslamarure@mail.utoronto.ca
1935621686, Mermies, Luksorarc, false, luksorarc.mermies@mail.utoronto.ca
1924171947, Azurcloder, Zedredarc, false, zedredarc.azurcloder@mail.utoronto.ca
1769439535, Reiredes, Brecramed, false, brecramed.reiredes@mail.utoronto.ca
1714557466, Krcraed, Rayzeres, true, rayzeres.krcraed@mail.utoronto.ca
1845730861, Crymid, Jagmeecred, false, jagmeecred.crymid@mail.utoronto.ca
1435578713, Mrokmurer, Crymurzur, false, crymurzur.mrokmurer@mail.utoronto.ca
1397878274, Mormiriure, Crumures, false, crumures.mormiriure@mail.utoronto.ca
1251130209, Jagarkd, Drakmeearc, false, drakmeearc.jagarkd@mail.utoronto.ca
1738367824, Rayredmur, Lukredes, false, lukredes.rayredmur@mail.utoronto.ca
1448880071, Drakmid, Jagsalmared, false, jagsalmared.drakmid@mail.utoronto.ca
1922379461, Zorkcraark, Creoslamarzur, true, creoslamarzur.zorkcraark@mail.utoronto.ca
1975201128, Azakmaraces, Creomurtron, false, creomurtron.azakmaraces@mail.utoronto.ca
1220471285, Krmizur, Morzoirure, false, morzoirure.krmizur@mail.utoronto.ca
1819131569, Jarmurd, Krarcder, false, krarcder.jarmurd@mail.utoronto.ca
1661412795, Brearcmur, Crozoircred, false, crozoircred.brearcmur@mail.utoronto.ca
1847394949, Rayredder, Azurairmed, false, azurairmed.rayredder@mail.utoronto.ca
1719745643, Mrokredes, Lukcrestron, false, lukcrestron.mrokredes@mail.utoronto.ca
1376573947, Zedsorder, Mjolmeeure, true, mjolmeeure.zedsorder@mail.utoronto.ca
1108149942, Reisalmared, Mermiarc, false, mermiarc.reisalmared@mail.utoronto.ca
1041522150, Breredure, Cameeder, false, cameeder.breredure@mail.utoronto.ca
1503078030, Mrokzerzur, Marurakmed, false, marurakmed.mrokzerzur@mail.utoronto.ca
1413422456, Zedirarc, Mormirizur, false, mormirizur.zedirarc@mail.utoronto.ca
1335669439, Mormiure, Cryarcure, false, cryarcure.mormiure@mail.utoronto.ca
1745033930, Marzerd, Azurredmur, false, azurredmur.marzerd@mail.utoronto.ca
1152545831, Drakzoircred, Jararcmur, true, jararcmur.drakzoircred@mail.utoronto.ca
1533372887, Cacrestron, Madloriarc, false, madloriarc.cacrestron@mail.utoronto.ca
1029435429, Brezoirzur, Drakredd, false, drakredd.brezoirzur@mail.utoronto.ca
1407598029, Morarcure, Jagaird, false, jagaird.morarcure@mail.utoronto.ca
1035917003, Raysorark, Cruzerder, false, cruzerder.raysorark@mail.utoronto.ca
1223077383, Mjolairzur, Krredarc, false, krredarc.mjolairzur@mail.utoronto.ca
1578757142, Creomeees, Mjolmurmur, false, mjolmurmur.creomeees@mail.utoronto.ca
1340241583, Mormiriure, Mermiricred, true, mermiricred.mormiriure@mail.utoronto.ca
1757270537, Marzoirer, Rayurakd, false, rayurakd.marzoirer@mail.utoronto.ca
1045685239, Cruarkure, Crucraure, false, crucraure.cruarkure@mail.utoronto.ca
1040850316, Zurmirier, Mrokairzur, false, mrokairzur.zurmirier@mail.utoronto.ca
1269276867, Jarslamarzur, Brearkes, false, brearkes.jarslamarzur@mail.utoronto.ca
1251505106, Maruraked, Crumiarc, false, crumiarc.maruraked@mail.utoronto.ca
1149604465, Rayloricred, Racraarc, false, racraarc.rayloricred@mail.utoronto.ca
1582064159, Rayirer, Creoarkmur, true, creoarkmur.rayirer@mail.utoronto.ca
1442047075, Razoired, Cruarced, false, cruarced.razoired@mail.utoronto.ca
1678156352, Creoirmur, Creosored, false, creosored.creoirmur@mail.utoronto.ca
1222859695, Raycresd, Azakzoird, false, azakzoird.raycresd@mail.utoronto.ca
1378277013, Azurcrazur, Brecresure, false, brecresure.azurcrazur@mail.utoronto.ca
1014510066, Reiarked, Brecrescred, false, brecrescred.reiarked@mail.utoronto.ca
1280781634, Careder, Azurclotron, false, azurclotron.careder@mail.utoronto.ca
1977399070, Zurarced, Reimirimur, true, reimirimur.zurarced@mail.utoronto.ca
1088017159, Mroksalmarcred, Drakcloarc, false, drakcloarc.mroksalmarcred@mail.utoronto.ca
1368919356, Madlorider, Reimaraced, false, reimaraced.madlorider@mail.utoronto.ca
1999185549, Racraarc, Zuraired, false, zuraired.racraarc@mail.utoronto.ca
1290455764, Cacloes, Reisorer, false, reisorer.cacloes@mail.utoronto.ca
1719982821, Reisortron, Zedslamartron, false, zedslamartron.reisortron@mail.utoronto.ca
1840083546, Mrokmeeure, Madurakzur, false, madurakzur.mrokmeeure@mail.utoronto.ca
1736548543, Azakurakder, Raysalmarark, true, raysalmarark.azakurakder@mail.utoronto.ca
1580822409, Azakslamarure, Krirer, false, krirer.azakslamarure@mail.utoronto.ca
1905846390, Zurloriark, Creoarcarc, false, creoarcarc.zurloriark@mail.utoronto.ca
1266376976, Krmaractron, Morcrazur, false, morcrazur.krmaractron@mail.utoronto.ca
1730551675, Cairmed, Marcresure, false, marcresure.cairmed@mail.utoronto.ca
1016441062, Rairmur, Zururakder, false, zururakder.rairmur@mail.utoronto.ca
1553185477, Reicloure, Mjolmeemed, false, mjolmeemed.reicloure@mail.utoronto.ca
1035565464, Reiarcmed, Camurmed, true, camurmed.reiarcmed@mail.utoronto.ca
1617387297, Lukmaraczur, Azurzoirder, false, azurzoirder.lukmaraczur@mail.utoronto.ca
1338996088, Azurmirier, Jagmeed, false, jagmeed.azurmirier@mail.utoronto.ca
1349607107, Creoslamarure, Zurmirimed, false, zurmirimed.creoslamarure@mail.utoronto.ca
1857360723, Rameearc, Krmeed, false, krmeed.rameearc@mail.utoronto.ca
1646796525, Caloried, Bremitron, false, bremitron.caloried@mail.utoronto.ca
1998913113, Azursalmarer, Mjolird, false, mjolird.azursalmarer@mail.utoronto.ca
1581408603, Zorkclomur, Breslamarure, true, breslamarure.zorkclomur@mail.utoronto.ca
1170012498, Drakreder, Raymeearc, false, raymeearc.drakreder@mail.utoronto.ca
1683888007, Mrokzoires, Azakzercred, false, azakzercred.mrokzoires@mail.utoronto.ca
1994317948, Cromurmed, Krmirizur, false, krmirizur.cromurmed@mail.utoronto.ca
1264375976, Mormurzur, Krairark, false, krairark.mormurzur@mail.utoronto.ca
1226922116, Merslamard, Morzerark, false, morzerark.merslamard@mail.utoronto.ca
1627623218, Krcrescred, Jagmirimed, false, jagmirimed.krcrescred@mail.utoronto.ca
1109964618, Morclotron, Jagmitron, true, jagmitron.morclotron@mail.utoronto.ca
1577573317, Zorkirmur, Zedmeeark, false, zedmeeark.zorkirmur@mail.utoronto.ca
1335054792, Cromaracder, Crumiried, false, crumiried.cromaracder@mail.utoronto.ca
1831058368, Mrokmid, Mjolirarc, false, mjolirarc.mrokmid@mail.utoronto.ca
1519043410, Mrokarces, Azakcloed, false, azakcloed.mrokarces@mail.utoronto.ca
1861044497, Marirark, Creozermur, false, creozermur.marirark@mail.utoronto.ca
1883758058, Jagsalmarmed, Lukmeed, false, lukmeed.jagsalmarmed@mail.utoronto.ca
1137407900, Jarairtron, Raymurmed, true, raymurmed.jarairtron@mail.utoronto.ca
1957421991, Brecraer, Raarkmed, false, raarkmed.brecraer@mail.utoronto.ca
1223196647, Caloriarc, Lukarcmed, false, lukarcmed.caloriarc@mail.utoronto.ca
1331995230, Lukmaracarc, Crucloed, false, crucloed.lukmaracarc@mail.utoronto.ca
1779304406, Mjolslamarcred, Zurmaracure, false, zurmaracure.mjolslamarcred@mail.utoronto.ca
1107739766, Mjolmures, Lukcloed, false, lukcloed.mjolmures@mail.utoronto.ca
1142433150, Zorkurakcred, Rayarcder, false, rayarcder.zorkurakcred@mail.utoronto.ca
1233525851, Morredure, Mrokcraes, true, mrokcraes.morredure@mail.utoronto.ca
1347678863, Jarmizur, Rayredcred, false, rayredcred.jarmizur@mail.utoronto.ca
1859818233, Raymiries, Madairder, false, madairder.raymiries@mail.utoronto.ca
1989608328, Jararctron, Croirzur, false, croirzur.jararctron@mail.utoronto.ca
1142476897, Casalmarzur, Cromures, false, cromures.casalmarzur@mail.utoronto.ca
1402724631, Zorkaires, Cruairark, false, cruairark.zorkaires@mail.utoronto.ca
1776646982, Raarkder, Creocraarc, false, creocraarc.raarkder@mail.utoronto.ca
1617023403, Krsorer, Mjolmicred, true, mjolmicred.krsorer@mail.utoronto.ca
1562944774, Racrestron, Rayzoird, false, rayzoird.racrestron@mail.utoronto.ca
1904504082, Madsalmarcred, Madsalmartron, false, madsalmartron.madsalmarcred@mail.utoronto.ca
1840162825, Krcreszur, Drakarked, false, drakarked.krcreszur@mail.utoronto.ca
1606032997, Zurreded, Mjolurakd, false, mjolurakd.zurreded@mail.utoronto.ca
1540193706, Rayarkark, Crozoirer, false, crozoirer.rayarkark@mail.utoronto.ca
1959823436, Zorkzermur, Reizoirmur, false, reizoirmur.zorkzermur@mail.utoronto.ca
1661596961, Crycraure, Crumaraced, true, crumaraced.crycraure@mail.utoronto.ca
1387991555, Bremurd, Mrokmeemed, false, mrokmeemed.bremurd@mail.utoronto.ca
1248233764, Krird, Jagredmed, false, jagredmed.krird@mail.utoronto.ca
1616461737, Jarcresark, Zedcrad, false, zedcrad.jarcresark@mail.utoronto.ca
1272620246, Raymiriarc, Krmurmur, false, krmurmur.raymiriarc@mail.utoronto.ca
1883785041, Jagzerder, Zorkairder, false, zorkairder.jagzerder@mail.utoronto.ca
1365368447, Ramaracmed, Mjolmeemed, false, mjolmeemed.ramaracmed@mail.utoronto.ca
1710902124, Mjolcrader, Ralorier, true, ralorier.mjolcrader@mail.utoronto.ca
1128601028, Raaired, Drakairmed, false, drakairmed.raaired@mail.utoronto.ca
1689152224, Racraark, Marsorer, false, marsorer.racraark@mail.utoronto.ca
1460818712, Marurakure, Zorkslamard, false, zorkslamard.marurakure@mail.utoronto.ca
1376522859, Merreder, Morircred, false, morircred.merreder@mail.utoronto.ca
1795710567, Zurirzur, Mrokircred, false, mrokircred.zurirzur@mail.utoronto.ca
1355397579, Drakmitron, Zorkairer, false, zorkairer.drakmitron@mail.utoronto.ca
1105822374, Crozoired, Azakzermed, true, azakzermed.crozoired@mail.utoronto.ca
1414347373, Crycratron, Mjolmied, false, mjolmied.crycratron@mail.utoronto.ca
1171151914, Moraird, Zorkmiries, false, zorkmiries.moraird@mail.utoronto.ca
1589442103, Marredes, Breclozur, false, breclozur.marredes@mail.utoronto.ca
1877606831, Luksalmarer, Raymiure, false, raymiure.luksalmarer@mail.utoronto.ca
1253955007, Mrokmeeed, Azururakder, false, azururakder.mrokmeeed@mail.utoronto.ca
1553794344, Creocrad, Azakmiriure, false, azakmiriure.creocrad@mail.utoronto.ca
1131613638, Reilorizur, Breloriure, true, breloriure.reilorizur@mail.utoronto.ca
1060110830, Mjolarces, Creosortron, false, creosortron.mjolarces@mail.utoronto.ca
1425362850, Mrokarczur, Luklorizur, false, luklorizur.mrokarczur@mail.utoronto.ca
1998314897, Reimied, Azakzoired, false, azakzoired.reimied@mail.utoronto.ca
1256862082, Creoslamarure, Jagloriure, false, jagloriure.creoslamarure@mail.utoronto.ca
1522057775, Krredmur, Krcrescred, false, krcrescred.krredmur@mail.utoronto.ca
1614959566, Zedurakd, Mjolarcarc, false, mjolarcarc.zedurakd@mail.utoronto.ca
1582942419, Zedredmed, Crumeearc, true, crumeearc.zedredmed@mail.utoronto.ca
1407762828, Marredark, Madarczur, false, madarczur.marredark@mail.utoronto.ca
1230817720, Mjolmaracer, Mrokredd, false, mrokredd.mjolmaracer@mail.utoronto.ca
1675465945, Drakarces, Reiarktron, false, reiarktron.drakarces@mail.utoronto.ca
1469214124, Breairarc, Krairarc, false, krairarc.breairarc@mail.utoronto.ca
1979084587, Raymaracder, Cruzoirtron, false, cruzoirtron.raymaracder@mail.utoronto.ca
1610449600, Azurmirider, Jarires, false, jarires.azurmirider@mail.utoronto.ca
1836623903, Cruzoirder, Drakzeres, true, drakzeres.cruzoirder@mail.utoronto.ca
1010411502, Bremirider, Lukmiried, false, lukmiried.bremirider@mail.utoronto.ca
1160145991, Zurzerark, Zurmaraczur, false, zurmaraczur.zurzerark@mail.utoronto.ca
1352732136, Mjolslamarzur, Mararkcred, false, mararkcred.mjolslamarzur@mail.utoronto.ca
1371759717, Rayclozur, Creosalmarcred, false, creosalmarcred.rayclozur@mail.utoronto.ca
1945234974, Lukcreszur, Marirure, false, marirure.lukcreszur@mail.utoronto.ca
1283677563, Cryzoires, Caarked, false, caarked.cryzoires@mail.utoronto.ca
1999677447, Jagcloed, Merarkzur, true, merarkzur.jagcloed@mail.utoronto.ca
1684843153, Mrokarkes, Cryloried, false, cryloried.mrokarkes@mail.utoronto.ca
1279186917, Mroksormed, Zurcrescred, false, zurcrescred.mroksormed@mail.utoronto.ca
1264806754, Zorkcraarc, Zedarkd, false, zedarkd.zorkcraarc@mail.utoronto.ca
